,City,Country,Lat,Lng,Max Temp,Humidity,Cloudiness,Wind Speed,Current Description
0,Victoria,HK,22.2855,114.1577,75.38,90,99,13.0,overcast clouds
1,Esna,EG,25.2934,32.554,85.24,26,0,10.29,clear sky
2,Hobart,AU,-42.8794,147.3294,55.26,74,100,12.66,overcast clouds
3,Hasaki,JP,35.7333,140.8333,55.22,92,100,18.21,moderate rain
4,Bambari,CF,5.768,20.6757,92.66,32,100,3.31,overcast clouds
5,Atar,MR,20.5169,-13.0499,83.01,8,0,13.02,clear sky
6,Laguna,US,38.421,-121.4238,51.01,84,0,0.0,clear sky
7,Grindavik,IS,63.8424,-22.4338,39.67,52,0,33.38,clear sky
8,Albany,US,42.6001,-73.9662,36.73,80,18,3.27,few clouds
9,Sembe,CG,1.6481,14.5806,87.4,48,91,3.76,overcast clouds
10,Mantua,IT,45.1667,10.7833,54.64,85,0,3.0,clear sky
11,Ushuaia,AR,-54.8,-68.3,51.46,43,40,13.8,scattered clouds
12,Vaini,TO,-21.2,-175.2,77.16,88,20,5.75,few clouds
13,Atuona,PF,-9.8,-139.0333,77.63,76,30,16.82,light rain
14,Osoyoos,CA,49.0331,-119.4524,32.76,100,85,1.14,overcast clouds
15,Thompson,CA,55.7435,-97.8558,28.56,100,100,6.91,mist
16,Kapaa,US,22.0752,-159.319,68.32,83,40,4.61,scattered clouds
17,Svetlaya,RU,46.5389,138.3297,30.06,59,100,3.56,overcast clouds
18,Hithadhoo,MV,-0.6,73.0833,81.59,75,33,12.21,scattered clouds
19,Sitka,US,57.0531,-135.33,44.49,81,100,10.36,light rain
20,Kaitangata,NZ,-46.2817,169.8464,46.67,94,100,5.93,overcast clouds
21,Pau,FR,43.4167,-0.5833,63.05,77,100,13.8,overcast clouds
22,Barrow,US,71.2906,-156.7887,8.62,78,100,16.11,light snow
23,Vanavara,RU,60.34,102.2797,-2.22,98,100,3.67,overcast clouds
24,Shimoda,JP,34.6667,138.95,54.1,89,100,9.64,overcast clouds
25,Margate,GB,51.3813,1.3862,55.69,75,100,5.99,overcast clouds
26,Melfi,IT,40.9965,15.6514,55.96,41,23,10.8,few clouds
27,Rikitea,PF,-23.1203,-134.9692,73.51,82,97,11.5,overcast clouds
28,Tiksi,RU,71.6872,128.8694,-24.97,100,100,3.69,overcast clouds
29,Alofi,NU,-19.0595,-169.9187,71.49,100,0,4.61,clear sky
30,Saldanha,ZA,-33.0117,17.9442,73.45,68,12,19.08,few clouds
31,Bluff,NZ,-46.6,168.3333,47.86,86,100,7.4,overcast clouds
32,Tuktoyaktuk,CA,69.4541,-133.0374,3.76,95,100,8.1,overcast clouds
33,Myitkyina,MM,25.3833,97.4,64.94,69,20,2.08,few clouds
34,Bengkulu,ID,-3.8004,102.2655,75.96,86,100,8.9,light rain
35,Nikolskoye,RU,59.7035,30.7861,26.49,88,92,5.53,overcast clouds
36,Jacksonville,US,30.3322,-81.6556,62.06,80,100,12.66,overcast clouds
37,Petropavlovsk-Kamchatskiy,RU,53.0452,158.6483,28.99,69,40,6.71,scattered clouds
38,Codrington,AU,-38.2667,141.9667,52.83,87,100,6.67,overcast clouds
39,Avarua,CK,-21.2078,-159.775,75.25,83,20,12.66,few clouds
40,Antigonish,CA,45.6169,-61.9986,34.83,87,100,1.01,overcast clouds
41,Busselton,AU,-33.65,115.3333,60.98,87,100,11.65,overcast clouds
42,Bredasdorp,ZA,-34.5322,20.0403,82.94,25,87,25.61,overcast clouds
43,Dikson,RU,73.5069,80.5464,-22.11,96,14,6.31,few clouds
44,Mataura,NZ,-46.1927,168.8643,43.74,100,100,2.53,overcast clouds
45,Cuamba,MZ,-14.8031,36.5372,80.37,57,80,4.76,light rain
46,Klaksvik,FO,62.2266,-6.589,47.32,88,87,26.15,overcast clouds
47,Pemba,MZ,-12.974,40.5178,81.91,68,0,14.34,clear sky
48,Katsuura,JP,35.1333,140.3,53.62,94,91,13.47,heavy intensity rain
49,Buzmeyin,TM,38.0507,58.2056,73.13,18,20,0.0,few clouds
50,Okhotsk,RU,59.3833,143.3,-0.92,83,44,18.48,scattered clouds
51,Chuy,UY,-33.6971,-53.4616,68.07,46,73,5.86,broken clouds
52,Bethel,US,41.3712,-73.414,44.49,66,0,0.0,clear sky
53,Oga,IT,46.4631,10.347,36.28,70,2,2.89,clear sky
54,Coquimbo,CL,-29.9533,-71.3436,58.73,88,100,5.75,overcast clouds
55,Inirida,CO,3.8653,-67.9239,79.2,81,100,1.39,overcast clouds
56,Fare,PF,-16.7,-151.0167,79.45,76,47,6.6,light rain
57,Poum,NC,-20.2333,164.0167,79.39,74,13,14.34,few clouds
58,Westport,US,41.1415,-73.3579,47.55,61,0,3.44,clear sky
59,Cayenne,GF,4.9333,-52.3333,84.24,79,75,9.22,broken clouds
60,Tyarlevo,RU,59.7006,30.4564,26.49,79,100,8.95,overcast clouds
61,Kudahuvadhoo,MV,2.6708,72.8944,81.82,74,92,14.38,overcast clouds
62,Isangel,VU,-19.55,169.2667,79.11,86,4,4.74,clear sky
63,Camacupa,AO,-12.0167,17.4833,79.23,47,96,7.07,overcast clouds
64,Hambantota,LK,6.1241,81.1185,84.54,65,20,4.61,few clouds
65,Noumea,NC,-22.2763,166.4572,73.38,85,61,7.54,broken clouds
66,Napoleon,US,41.3923,-84.1252,34.16,70,0,6.6,clear sky
67,Chase,CA,50.8165,-119.6857,32.14,98,100,0.94,overcast clouds
68,Faya,SA,18.3851,42.4509,66.31,54,50,8.5,scattered clouds
69,Izhma,RU,65.0083,53.9113,-1.14,99,89,3.22,overcast clouds
70,Khatanga,RU,71.9667,102.5,-39.95,100,48,3.09,scattered clouds
71,Provideniya,RU,64.3833,-173.3,9.73,73,0,7.96,clear sky
72,Agadez,NE,19.75,10.25,77.92,12,100,10.38,overcast clouds
73,Muisne,EC,0.6,-80.0333,74.17,79,98,10.29,overcast clouds
74,Khilok,RU,51.3674,110.4676,7.16,95,71,2.73,broken clouds
75,Upernavik,GL,72.7868,-56.1549,19.9,78,99,4.36,overcast clouds
76,Hermanus,ZA,-34.4187,19.2345,75.79,55,0,30.09,clear sky
77,Biryusinsk,RU,55.9634,97.8235,11.14,75,100,15.19,overcast clouds
78,Tombouctou,ML,20.0,-3.0,87.17,10,100,12.86,overcast clouds
79,Alyangula,AU,-13.8483,136.4192,84.02,67,49,6.38,scattered clouds
80,Muros,ES,42.7762,-9.0603,62.15,69,58,14.34,broken clouds
81,Jasper,US,37.2001,-94.3502,43.56,84,40,6.91,scattered clouds
82,Sterling,US,39.0062,-77.4286,44.74,61,0,0.0,clear sky
83,Sarandi,BR,-23.4436,-51.8739,74.75,88,40,10.36,scattered clouds
84,Lebu,CL,-37.6167,-73.65,60.78,78,12,10.56,few clouds
85,Muroto,JP,33.2833,134.15,65.98,68,0,15.9,clear sky
86,Talnakh,RU,69.4865,88.3972,-26.97,97,78,1.52,broken clouds
87,Caravelas,BR,-17.7125,-39.2481,79.72,71,100,4.5,overcast clouds
88,Samarai,PG,-10.6167,150.6667,83.75,77,15,13.18,few clouds
89,Ahipara,NZ,-35.1667,173.1667,60.01,81,0,14.83,clear sky
90,Wanning,CN,18.8003,110.3967,77.63,91,84,3.06,broken clouds
91,Valparaiso,CL,-33.0393,-71.6273,66.99,91,100,8.05,fog
92,Husavik,IS,66.0449,-17.3389,36.99,78,85,24.32,overcast clouds
93,Buchanan,LR,5.8808,-10.0467,85.71,62,100,7.85,overcast clouds
94,Tocopilla,CL,-22.092,-70.1979,69.15,66,100,6.93,overcast clouds
95,Ishigaki,JP,24.3448,124.1572,73.53,88,100,12.66,mist
96,Ayorou,NE,14.7308,0.9174,94.66,8,7,15.93,clear sky
97,Souillac,MU,-20.5167,57.5167,80.98,69,40,11.5,smoke
98,Kruisfontein,ZA,-34.0033,24.7314,76.41,49,6,21.92,clear sky
99,Butaritari,KI,3.0707,172.7902,81.3,73,100,7.4,overcast clouds
100,Castro,BR,-24.7911,-50.0119,71.46,78,42,7.16,scattered clouds
101,Sur,OM,22.5667,59.5289,80.42,59,99,8.3,overcast clouds
102,Beringovskiy,RU,63.05,179.3167,5.16,90,100,3.96,light snow
103,Honavar,IN,14.2833,74.45,77.09,84,100,1.72,overcast clouds
104,Yellowknife,CA,62.456,-114.3525,25.32,100,100,9.22,light snow
105,Lorengau,PG,-2.0226,147.2712,82.11,76,75,8.9,broken clouds
106,Qaanaaq,GL,77.484,-69.3632,19.24,82,100,4.79,overcast clouds
107,Geraldton,AU,-28.7667,114.6,63.01,77,75,5.75,broken clouds
108,Saskylakh,RU,71.9167,114.0833,-38.2,100,87,1.74,overcast clouds
109,Jamestown,US,42.097,-79.2353,33.39,80,0,5.75,clear sky
110,Hamilton,US,39.1834,-84.5333,37.94,69,0,3.44,mist
111,Hilo,US,19.7297,-155.09,69.62,88,100,4.61,overcast clouds
112,Sept-Iles,CA,50.2001,-66.3821,22.05,74,40,17.27,scattered clouds
113,Torbay,CA,47.6666,-52.7314,30.58,83,100,9.22,overcast clouds
114,Vostok,RU,46.4856,135.8833,15.37,95,100,0.85,overcast clouds
115,Saint-Pierre,RE,-21.3393,55.4781,80.28,69,0,16.11,clear sky
116,Kununurra,AU,-15.7667,128.7333,80.58,78,99,5.75,overcast clouds
117,Mamou,GN,10.5,-12.0,86.41,19,12,7.25,few clouds
118,Cidreira,BR,-30.1811,-50.2056,69.4,77,82,8.39,broken clouds
119,Touros,BR,-5.1989,-35.4608,85.3,51,11,14.65,few clouds
120,Scarborough,GB,54.2797,-0.4044,47.77,92,100,8.99,overcast clouds
121,Manta,EC,-0.95,-80.7333,71.38,88,75,6.91,broken clouds
122,Faanui,PF,-16.4833,-151.75,79.47,75,5,5.39,clear sky
123,Georgetown,MY,5.4112,100.3354,80.53,92,20,2.3,few clouds
124,Daru,PG,-9.0763,143.2092,82.26,81,3,9.4,clear sky
125,Pochutla,MX,15.7432,-96.4661,75.02,78,40,4.09,scattered clouds
126,Eyemouth,GB,55.8713,-2.0901,47.23,78,100,27.74,overcast clouds
127,Torrington,US,41.8007,-73.1212,41.7,64,6,3.4,clear sky
128,Nome,US,64.5011,-165.4064,13.15,85,100,3.44,overcast clouds
129,Billings,US,45.7833,-108.5007,38.97,56,75,10.36,broken clouds
130,Kalaleh,IR,37.3807,55.4916,71.2,28,0,4.61,clear sky
131,Chama,CH,47.1821,8.4636,51.08,65,40,1.14,scattered clouds
132,Aswan,EG,24.0934,32.907,87.37,33,22,8.63,light rain
133,Bandarbeyla,SO,9.4942,50.8122,79.93,68,0,16.42,clear sky
134,Ramsar,IR,36.9226,50.6426,65.64,82,75,6.91,broken clouds
135,Kutum,SD,14.2,24.6667,83.41,16,100,4.45,overcast clouds
136,Tasiilaq,GL,65.6145,-37.6368,32.16,80,100,7.85,overcast clouds
137,Borogontsy,RU,62.6683,131.1683,-16.53,99,100,1.95,overcast clouds
138,Mahebourg,MU,-20.4081,57.7,81.25,69,40,11.5,smoke
139,Acarau,BR,-2.8856,-40.12,85.33,58,98,17.2,overcast clouds
140,Cherskiy,RU,68.75,161.3,-33.79,100,15,1.19,few clouds
141,Severo-Kurilsk,RU,50.6789,156.125,32.76,65,94,25.21,light snow
142,Basco,PH,20.4487,121.9702,81.61,78,100,12.75,overcast clouds
143,Along,IN,28.1667,94.7667,60.8,68,0,1.77,clear sky
144,Waipawa,NZ,-41.4122,175.5153,53.98,79,23,23.06,few clouds
145,Ndjole,GA,-0.1783,10.7649,92.41,48,66,2.06,broken clouds
146,Bubaque,GW,11.2833,-15.8333,83.16,43,0,7.52,clear sky
147,Kenai,US,60.5544,-151.2583,28.15,99,100,5.75,light snow
148,Dharmanagar,IN,24.3667,92.1667,66.83,86,4,1.43,clear sky
149,Dinar,TR,38.065,30.1656,57.16,53,100,20.78,overcast clouds
150,Saucillo,MX,28.0167,-105.2833,53.08,73,100,5.75,overcast clouds
151,Ruteng,ID,-8.6136,120.4721,63.37,87,91,1.03,overcast clouds
152,Nishihara,JP,26.1842,127.7558,72.68,92,100,12.66,overcast clouds
153,Hoima,UG,1.4356,31.3436,72.36,89,82,3.38,light rain
154,Itoman,JP,26.1247,127.6694,73.42,88,75,12.66,broken clouds
155,Mogadishu,SO,2.0371,45.3438,85.87,70,20,14.97,few clouds
156,Narsaq,GL,60.9167,-46.05,43.02,64,100,12.91,overcast clouds
157,Namibe,AO,-15.1961,12.1522,77.54,63,95,11.65,overcast clouds
158,Zhanakorgan,KZ,43.9098,67.2495,51.48,60,100,5.14,overcast clouds
159,Ramnagar,IN,29.4,79.1167,60.89,66,0,4.16,clear sky
160,Vardo,NO,70.3705,31.1107,31.24,83,58,22.12,broken clouds
161,Eugene,US,44.0521,-123.0867,43.39,95,100,5.75,fog
162,Kahului,US,20.8947,-156.47,76.84,76,20,5.75,few clouds
163,Kemin,KG,42.7846,75.6892,39.31,78,92,5.64,overcast clouds
164,Dhidhdhoo,MV,6.8833,73.1,81.55,69,86,10.83,overcast clouds
165,Nioro,GM,13.35,-15.75,94.53,12,14,12.33,few clouds
166,Aksarka,RU,66.5606,67.7975,2.03,91,100,3.51,overcast clouds
167,Kodiak,US,57.79,-152.4072,24.31,58,0,8.05,clear sky
168,Christchurch,NZ,-43.5333,172.6333,55.6,56,0,9.22,clear sky
169,Novikovo,RU,51.1537,37.8879,29.66,87,88,14.34,overcast clouds
170,Muhos,FI,64.808,25.9931,20.89,92,62,5.99,broken clouds
171,Plouzane,FR,48.3833,-4.6167,57.25,67,75,29.93,broken clouds
172,Srednekolymsk,RU,67.45,153.6833,-26.55,97,99,7.31,overcast clouds
173,Llangefni,GB,53.2556,-4.3106,51.73,73,75,25.32,broken clouds
174,Sabang,ID,5.8933,95.3214,81.54,74,100,13.22,overcast clouds
175,Rostovka,RU,55.3842,71.8891,-8.18,98,6,2.57,clear sky
176,Bacungan,PH,9.9106,118.7022,79.29,85,96,3.62,overcast clouds
177,Ashnak,AM,40.3289,43.9185,56.5,44,1,4.68,clear sky
178,Coronado,US,32.6859,-117.1831,59.38,56,20,0.0,few clouds
179,Namatanai,PG,-3.6667,152.4333,79.84,74,90,8.28,overcast clouds
180,Camargo,MX,27.6667,-105.1667,54.99,69,100,5.12,overcast clouds
181,Airai,TL,-8.9266,125.4092,64.11,89,100,1.9,overcast clouds
182,Yepocapa,GT,14.5042,-90.9569,60.12,67,85,3.8,overcast clouds
183,Srivardhan,IN,18.0333,73.0167,76.06,66,100,7.25,overcast clouds
184,Sayansk,RU,54.1088,102.1648,17.31,88,100,12.37,light snow
185,Pemangkat,ID,1.1667,108.9667,80.83,77,100,6.69,overcast clouds
186,Sorland,NO,67.667,12.6934,40.86,55,100,17.56,overcast clouds
187,Zhanaozen,KZ,43.3,52.8,53.24,68,41,10.51,scattered clouds
188,Abeche,TD,13.8292,20.8324,95.02,13,0,0.0,clear sky
189,Miri,MY,4.4148,114.0089,80.74,89,40,2.3,moderate rain
190,Kanker,IN,20.2719,81.4931,67.75,49,100,3.13,overcast clouds
191,Oistins,BB,13.0667,-59.5333,82.49,74,20,18.41,few clouds
192,Kavieng,PG,-2.5744,150.7967,82.8,68,48,13.42,scattered clouds
193,Yulara,AU,-25.2406,130.9889,61.48,79,100,11.43,overcast clouds
194,Yermish,RU,54.7678,42.2711,34.02,100,100,6.06,light snow
195,Bonavista,CA,48.6499,-53.1147,32.72,79,100,17.4,overcast clouds
196,Siderno,IT,38.2779,16.302,60.64,70,53,13.71,broken clouds
197,Roma,US,43.2128,-75.4557,37.96,88,84,3.29,broken clouds
198,Samoded,RU,63.6083,40.5111,11.75,96,54,4.56,broken clouds
199,Palasa,IN,18.7667,84.4167,74.44,84,52,3.42,broken clouds
200,Vaasa,FI,63.096,21.6158,23.02,86,100,6.91,overcast clouds
201,Eyl,SO,7.9803,49.8164,79.66,70,0,17.54,clear sky
202,Khandyga,RU,62.6667,135.6,-28.08,98,100,2.3,overcast clouds
203,Lewiston,US,44.1003,-70.2148,36.9,83,100,3.44,overcast clouds
204,Mehamn,NO,71.0357,27.8492,24.75,74,0,9.22,clear sky
205,Necochea,AR,-38.5473,-58.7368,79.16,33,96,15.7,overcast clouds
206,Fortuna,US,40.5982,-124.1573,50.99,97,100,4.61,overcast clouds
207,Hanna,CA,51.6334,-111.9018,32.86,91,100,7.0,overcast clouds
208,Nantucket,US,41.2835,-70.0995,50.11,62,0,8.05,clear sky
209,Deputatskiy,RU,69.3,139.9,-31.23,100,98,1.97,overcast clouds
210,Bathsheba,BB,13.2167,-59.5167,83.01,74,20,18.41,few clouds
211,Aklavik,CA,68.2191,-135.0107,9.82,96,100,8.28,light snow
212,Labuhan,ID,-6.8844,112.2051,80.06,81,100,2.77,overcast clouds
213,Kiunga,PG,-6.1219,141.2906,71.8,99,100,3.78,moderate rain
214,Saint-Philippe,RE,-21.3585,55.7679,80.19,78,93,9.53,overcast clouds
215,Carlyle,US,38.6103,-89.3726,41.22,76,13,4.68,few clouds
216,Ushtobe,KZ,45.2514,77.9838,37.62,84,100,2.53,overcast clouds
217,Longyearbyen,SJ,78.2186,15.6401,35.44,75,75,11.5,light shower sleet
218,Chokurdakh,RU,70.6333,147.9167,-24.86,98,100,6.35,overcast clouds
219,Shu,KZ,43.5983,73.7614,41.65,90,97,5.99,overcast clouds
220,Taoudenni,ML,22.6783,-3.9836,82.99,8,99,13.91,overcast clouds
221,Minot,US,48.2325,-101.2963,34.02,69,0,16.11,clear sky
222,Pevek,RU,69.7008,170.3133,-29.02,100,56,4.74,broken clouds
223,Vanimo,PG,-2.6741,141.3028,79.18,86,77,5.01,broken clouds
224,Abomsa,ET,9.9833,39.9833,77.77,32,19,8.19,few clouds
225,Sabanagrande,CO,10.7912,-74.7606,78.89,94,40,4.61,fog
226,Timra,SE,62.487,17.3257,28.67,87,100,7.45,overcast clouds
227,Korla,CN,41.7597,86.1469,38.01,33,100,2.48,overcast clouds
228,Colares,PT,38.7992,-9.4469,68.45,87,75,15.99,broken clouds
229,Qena,EG,26.1615,32.7183,83.73,25,0,9.04,clear sky
230,Gat,IL,31.61,34.7642,76.41,20,0,9.71,clear sky
231,Shillong,IN,25.5689,91.8831,51.08,93,6,0.4,clear sky
232,Egvekinot,RU,66.3167,-179.1667,-11.22,89,45,8.59,scattered clouds
233,Tiarei,PF,-17.5333,-149.3333,77.02,82,100,12.71,overcast clouds
234,Jalu,LY,29.0331,21.5482,74.5,14,0,16.42,clear sky
235,Ilulissat,GL,69.2167,-51.1,7.68,91,88,3.85,overcast clouds
236,Brownsville,US,25.9018,-97.4975,53.94,99,100,8.05,mist
237,Falmouth,GB,50.1544,-5.0711,55.98,81,40,21.85,scattered clouds
238,Ternate,ID,0.8,127.4,82.44,75,100,6.29,overcast clouds
239,Rawson,AR,-43.3002,-65.1023,75.18,33,0,23.91,clear sky
240,Ledyard,US,41.4398,-72.0142,49.12,66,0,0.0,clear sky
241,Kapit,MY,2.0167,112.9333,74.32,99,100,2.33,light rain
242,Dangriga,BZ,16.9692,-88.2321,76.21,83,18,4.16,few clouds
243,Kokopo,PG,-4.352,152.2633,79.43,77,98,2.01,overcast clouds
244,Olafsvik,IS,64.8945,-23.7142,39.13,72,89,40.51,overcast clouds
245,Ambilobe,MG,-13.2,49.05,84.51,55,54,2.26,broken clouds
246,Sokoni,TZ,-6.4333,39.55,87.66,72,4,10.33,clear sky
247,Carnarvon,AU,-24.8667,113.6333,70.79,74,0,19.08,clear sky
248,Pangkalanbuun,ID,-2.6833,111.6167,76.42,88,46,3.0,light rain
249,Mahibadhoo,MV,3.7833,72.9667,81.88,73,56,14.61,broken clouds
250,Nhulunbuy,AU,-12.2333,136.7667,83.01,78,24,0.0,few clouds
251,Zakamensk,RU,50.3741,103.2863,11.14,89,100,3.47,overcast clouds
252,Bourges,FR,47.25,2.4167,55.85,73,10,20.36,clear sky
253,Vila,PT,42.0304,-8.1588,50.88,84,97,5.44,overcast clouds
254,Kushima,JP,31.4583,131.2333,59.4,83,0,8.66,clear sky
255,Meulaboh,ID,4.1363,96.1285,76.95,87,95,4.72,overcast clouds
256,Tilichiki,RU,60.4667,166.1,27.79,89,100,10.96,light snow
257,Sola,VU,-13.8833,167.55,82.38,71,18,9.71,few clouds
258,Minnetonka,US,44.9133,-93.5033,26.33,92,0,3.44,mist
259,Silivri,TR,41.0802,28.226,61.92,86,100,14.23,moderate rain
260,Lerwick,GB,60.1545,-1.1494,48.2,88,100,36.24,overcast clouds
261,Shubarkuduk,KZ,49.1447,56.4872,39.45,92,22,14.65,few clouds
262,Jardim,BR,-21.4803,-56.1381,82.72,56,89,3.6,overcast clouds
263,Defiance,US,41.3334,-84.45,33.08,74,0,0.0,clear sky
264,Jizan,SA,17.3333,42.6667,88.74,50,0,11.54,clear sky
265,Anadyr,RU,64.75,177.4833,7.3,85,100,17.9,mist
266,Sistranda,NO,63.7256,8.834,39.16,58,81,29.33,broken clouds
267,Pisco,PE,-13.7,-76.2167,66.25,82,100,2.3,mist
268,Chara,RU,56.9064,118.2631,-7.65,74,13,1.95,few clouds
269,Lompoc,US,34.6391,-120.4579,59.77,80,0,6.91,clear sky
270,Aykhal,RU,66.0,111.5,-9.44,98,100,4.81,overcast clouds
271,Narrabri,AU,-30.3167,149.7833,61.63,57,20,4.45,few clouds
272,Leningradskiy,RU,69.3833,178.4167,-21.19,96,85,4.68,overcast clouds
273,Port-Cartier,CA,50.0334,-66.8654,21.74,74,4,14.9,clear sky
274,Stepnogorsk,KZ,52.3544,71.8869,4.82,90,21,3.44,few clouds
275,Ayan,RU,56.45,138.1667,10.69,63,100,18.21,overcast clouds
276,Havelock,US,34.8791,-76.9013,55.38,71,75,9.22,broken clouds
277,Yar-Sale,RU,66.8333,70.8333,2.19,97,98,5.23,overcast clouds
278,Catamarca,AR,-28.4696,-65.7852,86.58,32,0,1.99,clear sky
279,Phalodi,IN,27.1333,72.3667,71.22,19,5,6.78,clear sky
280,Gigmoto,PH,13.7796,124.39,80.6,87,90,8.88,overcast clouds
281,Esperance,AU,-33.8667,121.9,71.89,38,56,21.94,broken clouds
282,Pasighat,IN,28.0667,95.3333,64.35,62,0,4.14,clear sky
283,Polewali,ID,-3.4324,119.3435,78.75,87,100,2.73,overcast clouds
284,Ikongo,MG,-21.8833,47.4333,74.12,86,72,4.63,moderate rain
285,Madang,PG,-5.2246,145.7966,77.7,85,99,2.39,overcast clouds
286,Vao,NC,-22.6667,167.4833,75.58,82,100,8.12,overcast clouds
287,Praia,CV,14.9215,-23.5087,84.74,54,20,19.57,few clouds
288,Madera,US,37.1666,-119.8343,51.08,71,94,1.01,overcast clouds
289,Pekan,MY,3.4836,103.3996,83.97,83,12,7.16,few clouds
290,Pascagoula,US,30.3658,-88.5561,57.72,92,100,3.44,overcast clouds
291,Kavaratti,IN,10.5669,72.642,80.2,65,57,8.01,broken clouds
292,Chirawa,IN,28.2408,75.6448,67.41,16,1,7.11,clear sky
293,Hofn,IS,64.2539,-15.2082,39.22,81,100,28.77,moderate rain
294,Bima,ID,-8.4667,118.7167,79.03,85,100,3.02,overcast clouds
295,Hualmay,PE,-11.0964,-77.6139,69.33,76,1,7.36,clear sky
296,Mokolo,CM,10.7398,13.8019,86.63,13,52,8.84,broken clouds
297,Mikkeli,FI,61.6886,27.2723,21.15,93,100,5.75,overcast clouds
298,Salinopolis,BR,-0.6136,-47.3561,83.95,72,43,11.3,scattered clouds
299,Viseu,PT,40.661,-7.9097,58.86,79,100,8.99,overcast clouds
300,Dingle,PH,10.9995,122.6711,77.25,90,100,7.05,overcast clouds
301,Yaan,NG,7.3833,8.5667,95.99,13,60,8.3,broken clouds
302,Kailua,US,21.4022,-157.7394,75.18,79,0,1.99,clear sky
303,Marzuq,YE,14.4,46.4667,74.62,34,8,6.71,clear sky
304,Oranjemund,NA,-28.55,16.4333,67.33,66,0,11.79,clear sky
305,Hastings,GB,50.8552,0.5729,55.98,60,14,25.86,few clouds
306,Usinsk,RU,65.9939,57.5281,2.23,97,99,10.56,light snow
307,Astoria,US,46.1879,-123.8313,45.86,93,69,1.01,broken clouds
308,Orange,US,33.7,-117.7675,58.08,41,0,0.0,clear sky
309,Nouakchott,MR,18.0858,-15.9785,85.93,23,0,13.76,clear sky
310,Pangnirtung,CA,66.1451,-65.7125,5.0,85,75,2.3,broken clouds
311,Gamba,GA,-2.65,10.0,82.56,73,48,8.23,light rain
312,Baft,IR,29.234,56.6057,53.53,35,71,7.7,broken clouds
313,Shetpe,KZ,44.1667,52.1167,48.61,75,0,9.89,clear sky
314,Chulym,RU,55.0997,80.9572,-8.64,97,9,6.2,clear sky
315,Pallasovka,RU,50.05,46.8833,41.92,65,97,16.87,overcast clouds
316,Ostrovnoy,RU,68.0531,39.5131,33.08,80,100,2.77,overcast clouds
317,Solnechnyy,RU,50.7214,136.6319,11.64,87,5,2.19,clear sky
318,Ixtapa,MX,20.7,-105.2,70.23,94,0,4.61,clear sky
319,Lengshuijiang,CN,27.6881,111.4294,59.92,80,100,3.0,overcast clouds
320,Alibag,IN,18.6411,72.8792,84.27,67,69,8.19,broken clouds
321,Matara,LK,5.9485,80.5353,77.79,79,72,9.62,broken clouds
322,Uitenhage,ZA,-33.7576,25.3971,80.19,44,45,20.38,scattered clouds
323,Gejiu,CN,23.306,103.1635,50.54,86,8,2.53,clear sky
324,Dunedin,NZ,-45.8742,170.5036,53.8,56,99,11.01,overcast clouds
325,Perigueux,FR,45.1833,0.7167,58.41,73,11,14.47,few clouds
326,Queimadas,BR,-10.9783,-39.6264,88.36,40,22,6.29,few clouds
327,Cheney,US,47.4874,-117.5758,28.31,93,100,9.22,mist
328,Nanortalik,GL,60.1432,-45.2371,34.43,82,100,3.69,overcast clouds
329,Camabatela,AO,-8.1881,15.375,70.74,87,90,4.99,moderate rain
330,Kyrylivka,UA,46.3759,35.3675,47.7,82,100,12.97,overcast clouds
331,Chimbote,PE,-9.0853,-78.5783,68.02,77,7,5.73,clear sky
332,Luanda,AO,-8.8368,13.2343,81.39,64,95,11.97,overcast clouds
333,Staunton,US,38.1496,-79.0717,46.09,76,0,0.0,clear sky
334,Bure,ET,10.7,37.0667,63.45,65,98,4.54,overcast clouds
335,Grootfontein,NA,-19.5667,18.1167,87.08,22,100,5.93,overcast clouds
336,Fairbanks,US,64.8378,-147.7164,15.76,86,100,3.44,overcast clouds
337,Hobyo,SO,5.3505,48.5268,81.59,63,1,14.61,clear sky
338,Krasnoarmeysk,RU,51.0239,45.6969,33.8,95,100,16.53,light snow
339,Ninghai,CN,29.2892,121.4247,58.28,87,66,4.05,broken clouds
340,Tuatapere,NZ,-46.1333,167.6833,42.87,94,100,5.66,overcast clouds
341,Ayagoz,KZ,47.9714,80.4392,-1.68,99,24,5.17,few clouds
342,Vaitape,PF,-16.5167,-151.75,79.43,75,6,5.35,light rain
343,Opuwo,NA,-18.0607,13.84,92.77,19,100,0.85,overcast clouds
344,Zheleznodorozhnyy,RU,55.7503,38.0042,34.32,97,100,7.7,snow
345,Belmonte,BR,-15.8631,-38.8828,79.34,73,97,3.06,overcast clouds
346,Jinchang,CN,38.4953,102.1739,39.09,31,0,1.88,clear sky
347,Forbes,AU,-33.3833,148.0167,58.91,75,0,4.03,clear sky
348,Abha,SA,18.2164,42.5053,66.02,55,40,13.8,scattered clouds
349,Ariquemes,BR,-9.9133,-63.0408,76.51,85,99,1.74,overcast clouds
350,Lydenburg,ZA,-25.0978,30.4597,64.17,87,100,1.21,light rain
351,Redding,US,40.5865,-122.3917,49.66,79,0,4.61,clear sky
352,Rabaul,PG,-4.1967,152.1721,81.93,73,99,5.03,overcast clouds
353,Acapulco,MX,16.8634,-99.8901,75.02,94,40,2.3,scattered clouds
354,Dombarovskiy,RU,50.7587,59.5386,27.09,95,100,16.78,snow
355,Lesosibirsk,RU,58.2358,92.4828,-0.4,92,100,10.18,overcast clouds
356,Waddan,LY,29.1614,16.139,71.55,29,0,14.5,clear sky
357,Mwingi,KE,-0.9344,38.0601,67.23,92,99,1.61,overcast clouds
358,Palmer,US,42.1584,-72.3287,43.34,93,40,0.0,scattered clouds
359,Harper,LR,4.375,-7.7169,83.7,68,100,8.75,overcast clouds
360,Itarema,BR,-2.9248,-39.9167,85.28,58,100,17.11,overcast clouds
361,Warwick,US,41.7001,-71.4162,46.45,58,20,9.22,few clouds
362,Oskemen,KZ,49.9565,82.6119,4.96,77,100,4.47,overcast clouds
363,Ornskoldsvik,SE,63.2909,18.7153,22.15,100,100,8.05,overcast clouds
364,Sinjar,IQ,36.3209,41.8754,64.38,30,0,4.88,clear sky
365,Auki,SB,-8.7676,160.7034,77.56,87,56,4.05,broken clouds
366,Alice,US,27.7523,-98.0697,53.55,94,100,5.75,overcast clouds
367,Awbari,LY,26.5921,12.7805,71.49,22,0,10.71,clear sky
368,Bandar,ID,2.05,99.75,73.83,97,86,2.77,overcast clouds
369,Kirs,RU,59.3388,52.2447,18.5,92,100,8.14,light snow
370,Lavrentiya,RU,65.5833,-171.0,9.32,81,13,10.8,few clouds
371,Mega,ET,4.05,38.3,72.5,35,94,16.06,overcast clouds
372,Wawa,NG,9.9022,4.4192,94.35,15,0,4.7,clear sky
373,Halifax,CA,44.6453,-63.5724,38.44,88,100,13.8,overcast clouds
374,Palu,ID,-0.8917,119.8707,77.25,94,100,2.3,overcast clouds
375,Ouargaye,BF,11.5033,0.0572,95.4,11,78,8.93,broken clouds
376,Tigil,RU,57.8,158.6667,20.73,89,100,14.03,overcast clouds
377,Lujiang,CN,31.2581,117.2817,57.76,76,93,4.36,overcast clouds
378,Chongwe,ZM,-15.3292,28.682,68.34,86,98,4.81,moderate rain
379,Touba,CI,8.2833,-7.6833,89.47,24,83,6.4,broken clouds
380,Kurchum,KZ,48.5722,83.6542,7.41,91,32,9.4,scattered clouds
381,Mabaruma,GY,8.2,-59.7833,80.89,82,71,3.51,broken clouds
382,Thaton,MM,16.9206,97.3714,79.84,81,11,2.46,few clouds
383,Djibo,BF,14.1022,-1.6306,94.01,7,64,14.52,broken clouds
384,Antofagasta,CL,-23.65,-70.4,67.28,63,2,6.02,clear sky
385,Sabla,NG,12.7525,4.7077,94.62,8,0,13.35,clear sky
386,Constitucion,CL,-35.3333,-72.4167,69.1,55,4,14.81,clear sky
387,Severo-Yeniseyskiy,RU,60.3725,93.0408,-6.95,99,100,3.09,overcast clouds
388,Jaisalmer,IN,26.9147,70.9181,74.75,17,4,4.52,clear sky
389,Yumen,CN,40.2833,97.2,42.03,28,22,24.02,few clouds
390,Melendugno,IT,40.2747,18.3368,60.89,59,40,12.66,scattered clouds
391,Tyukhtet,RU,56.5389,89.3011,-2.16,88,100,13.18,overcast clouds
392,Sorong,ID,-0.8833,131.25,82.27,74,100,2.93,light rain
393,Selfoss,IS,63.9331,-20.9971,41.04,53,100,33.04,overcast clouds
394,Qujing,CN,25.4833,103.7833,52.27,82,18,4.72,few clouds
395,Nemuro,JP,43.3236,145.575,45.73,70,100,15.99,overcast clouds
396,Stettler,CA,52.3168,-112.7186,33.55,100,100,9.22,overcast clouds
397,Dimbokro,CI,6.6451,-4.7048,93.22,39,51,3.09,broken clouds
398,Freeport,US,40.6576,-73.5832,48.78,60,20,6.91,few clouds
399,Pirapora,BR,-17.345,-44.9419,81.99,60,95,8.23,overcast clouds
400,Linxia,CN,35.6003,103.2064,42.78,28,0,4.94,clear sky
401,Tokonou,GN,9.65,-9.7833,88.12,19,91,5.66,overcast clouds
402,Acari,PE,-15.4311,-74.6158,75.58,62,86,6.4,overcast clouds
403,Sovetskiy,RU,61.3614,63.5842,1.08,93,6,6.11,clear sky
404,Pitimbu,BR,-7.4706,-34.8086,84.79,59,88,9.64,overcast clouds
405,Viesca,MX,25.35,-102.8,59.16,70,7,1.14,clear sky
406,Paracuru,BR,-3.41,-39.0306,81.1,60,91,14.88,overcast clouds
407,Lasa,IT,46.6166,10.7002,45.01,80,2,2.44,clear sky
408,Dukat,RU,62.55,155.55,-20.7,95,100,6.98,overcast clouds
409,Mkushi,ZM,-13.6202,29.3939,79.29,50,99,4.81,overcast clouds
410,Mitsamiouli,KM,-11.3847,43.2844,88.09,62,20,11.5,few clouds
411,Peniche,PT,39.3558,-9.3811,66.56,89,57,11.34,broken clouds
412,Ambulu,ID,-8.345,113.6058,76.89,89,100,1.61,moderate rain
413,Xuchang,CN,34.0167,113.8167,55.06,74,100,5.93,overcast clouds
414,Leninskoye,KZ,41.7589,69.3864,53.76,54,100,3.11,overcast clouds
415,Tabuk,PH,17.4189,121.4443,75.7,91,92,2.33,overcast clouds
416,Dakar,SN,14.6937,-17.4441,92.28,42,7,19.57,clear sky
417,Anloga,GH,5.7947,0.8973,85.32,63,11,9.04,few clouds
418,Mao,ES,39.8885,4.2658,70.36,78,20,10.36,few clouds
419,Omsukchan,RU,62.5333,155.8,-17.73,97,100,6.44,overcast clouds
420,Ancud,CL,-41.8697,-73.8203,55.24,95,100,9.31,overcast clouds
421,Americus,US,32.0724,-84.2327,54.99,71,75,6.91,broken clouds
422,Shouguang,CN,36.88,118.7375,53.35,76,100,5.82,overcast clouds
423,Pocone,BR,-16.2567,-56.6228,87.75,51,100,5.68,overcast clouds
424,Loandjili,CG,-4.7561,11.8578,82.08,73,42,9.37,light rain
425,Baykit,RU,61.67,96.37,-6.86,96,100,4.68,overcast clouds
426,Zig,US,40.127,-92.7663,37.69,95,0,5.75,clear sky
427,Meiganga,CM,6.5167,14.3,88.34,20,11,9.08,few clouds
428,Adrar,MR,20.5022,-10.0711,81.12,8,0,12.75,clear sky
429,Ayr,GB,55.4627,-4.6339,49.98,76,20,13.8,few clouds
430,Knysna,ZA,-34.0363,23.0471,70.92,68,28,9.17,scattered clouds
431,Teguise,ES,29.0605,-13.564,71.82,57,40,14.97,scattered clouds
432,Austintown,US,41.1017,-80.7645,38.75,67,20,4.61,few clouds
433,Bitung,ID,1.4451,125.1824,77.85,82,100,7.94,overcast clouds
434,Lastoursville,GA,-0.8143,12.7287,94.05,58,75,2.44,broken clouds
435,Lhokseumawe,ID,5.1801,97.1507,80.17,84,100,13.89,overcast clouds
436,Asosa,ET,10.0667,34.5333,76.6,37,75,2.98,broken clouds
437,Salo,IT,45.6086,10.531,56.86,62,0,2.13,clear sky
438,Gelibolu,TR,40.4103,26.6708,58.86,71,100,14.79,overcast clouds
439,Mayo,US,38.8876,-76.5119,49.57,60,0,1.01,clear sky
440,Champerico,GT,14.3,-91.9167,75.74,79,75,2.95,broken clouds
441,Nokaneng,BW,-19.6667,22.2667,92.5,27,88,6.55,overcast clouds
442,Biak,ID,-0.9131,122.8766,77.32,81,95,0.36,overcast clouds
443,Yerbogachen,RU,61.2767,108.0108,-6.86,93,100,10.51,light snow
444,Albion,US,42.2431,-84.753,34.61,91,0,0.0,clear sky
445,Ismailia,EG,30.6043,32.2723,75.27,41,40,11.5,scattered clouds
446,Pandan,PH,14.0453,124.1694,80.08,89,67,9.95,broken clouds
447,Rabat,MA,33.9911,-6.8401,71.67,60,40,8.05,scattered clouds
448,Kumo,NG,10.0447,11.2122,93.69,13,5,8.34,clear sky
449,Vuktyl,RU,63.8567,57.3094,-14.8,99,59,1.74,broken clouds
450,Paamiut,GL,61.994,-49.6678,35.42,69,100,12.84,overcast clouds
451,Qasigiannguit,GL,68.8193,-51.1922,6.8,89,89,4.27,overcast clouds
452,Coihaique,CL,-45.5752,-72.0662,59.61,58,75,11.5,broken clouds
453,Nara,JP,34.6851,135.8049,58.5,75,77,9.84,light rain
454,Taunggyi,MM,20.7833,97.0333,59.94,81,34,1.34,scattered clouds
455,Mackay,AU,-21.15,149.2,78.67,86,60,8.25,broken clouds
456,Craig,US,40.5153,-107.5464,17.22,78,0,0.0,clear sky
457,Pertuis,FR,43.6925,5.5028,53.11,76,99,7.52,overcast clouds
458,Herat,AF,34.5,62.0,56.8,23,0,2.37,clear sky
459,Turukhansk,RU,65.8167,87.9833,-25.22,90,100,4.0,overcast clouds
460,Vermilion,US,40.1667,-87.7506,42.93,74,0,4.61,clear sky
461,Salalah,OM,17.0151,54.0924,82.49,61,75,6.91,broken clouds
462,Rincon,US,32.296,-81.2354,57.85,73,100,6.91,overcast clouds
463,Huangchuan,CN,32.1272,115.0394,57.6,76,100,4.36,overcast clouds
464,Tupancireta,BR,-29.0806,-53.8358,70.81,47,3,7.05,clear sky
465,Nador,MA,35.174,-2.9287,73.47,60,20,14.97,few clouds
466,Svetlyy,RU,54.675,20.1347,26.65,91,99,8.52,overcast clouds
467,Padang,ID,-0.9492,100.3543,75.25,87,100,3.13,light rain
468,Lagoa,PT,39.05,-27.9833,60.46,75,100,18.88,overcast clouds
469,Lincoln,US,40.8,-96.667,41.02,92,100,5.01,overcast clouds
470,Lawrenceburg,US,38.0373,-84.8966,38.71,80,0,0.0,clear sky
471,Yhu,PY,-25.05,-55.9167,73.35,52,0,4.7,clear sky
472,Tongliao,CN,43.6125,122.2653,26.13,59,40,5.55,scattered clouds
473,Tatawin,TN,32.9297,10.4518,69.28,34,19,21.85,few clouds
474,Burnie,AU,-41.0667,145.9167,53.94,75,100,13.18,overcast clouds
475,Whitehorse,CA,60.7161,-135.0538,29.17,86,40,18.41,scattered clouds
476,Rawatsar,IN,29.2833,74.3833,69.93,17,0,5.59,clear sky
477,Negombo,LK,7.2083,79.8358,82.45,69,0,4.61,clear sky
478,Marystown,CA,47.1666,-55.1483,37.4,74,100,14.05,overcast clouds
479,Pitanga,BR,-24.7572,-51.7614,73.15,73,69,4.25,broken clouds
480,Mbanza-Ngungu,CD,-5.25,14.8667,79.2,69,84,1.36,light rain
481,Karia,NG,11.7306,11.1629,92.66,11,16,10.27,few clouds
482,Karratha,AU,-20.7377,116.8463,79.14,65,59,11.1,broken clouds
483,Natitingou,BJ,10.3042,1.3796,94.71,12,58,7.58,broken clouds
484,Weihai,CN,37.5017,122.1136,50.49,64,100,5.3,overcast clouds
485,Marsaxlokk,MT,35.8419,14.5431,67.08,68,20,18.41,few clouds
486,Obama,JP,35.4958,135.746,60.96,76,95,18.41,overcast clouds
487,Rumford,US,44.5537,-70.5509,36.43,77,35,3.06,scattered clouds
488,Termoli,IT,41.9888,14.9895,58.78,58,88,8.57,overcast clouds
489,Kirakira,SB,-10.4544,161.9205,79.74,84,12,5.35,few clouds
490,Bezhetsk,RU,57.7851,36.6965,26.15,94,100,9.64,overcast clouds
491,Calama,CL,-22.4667,-68.9333,63.09,17,0,9.22,clear sky
492,Aksu,CN,41.1231,80.2644,39.45,28,4,1.52,clear sky
493,Iwanuma,JP,38.1047,140.8594,46.92,88,100,16.82,moderate rain
494,Kidal,ML,18.4411,1.4078,86.9,9,100,15.14,overcast clouds
495,Huarmey,PE,-10.0681,-78.1522,69.44,77,2,6.82,clear sky
496,Matagami,CA,49.7502,-77.6328,10.51,85,100,0.0,overcast clouds
497,Luderitz,NA,-26.6481,15.1594,69.84,61,0,15.88,clear sky
498,Lata,PT,40.1629,-8.3327,65.07,83,99,8.3,overcast clouds
499,Ilebo,CD,-4.3167,20.5833,88.79,46,57,2.71,broken clouds
500,Yenagoa,NG,4.9247,6.2642,93.18,38,42,3.56,scattered clouds
501,Altayskoye,RU,51.9533,85.3325,5.43,96,100,4.92,overcast clouds
502,Ravar,IR,31.2656,56.8055,59.47,26,0,2.39,clear sky
503,Wamba,NG,8.9333,8.6,94.6,13,90,6.78,overcast clouds
504,Igrim,RU,63.1906,64.4162,-1.01,96,69,5.14,broken clouds
505,Ayna,PE,-12.65,-73.9167,66.96,75,98,3.76,overcast clouds
506,Vestmannaeyjar,IS,63.4427,-20.2734,41.99,70,75,41.43,broken clouds
507,Cocobeach,GA,1.0002,9.5823,81.75,76,33,8.23,light rain
508,Shingu,JP,33.7333,135.9833,59.56,84,17,9.71,few clouds
509,Neiafu,TO,-18.65,-173.9833,77.68,94,40,6.91,scattered clouds
510,Luena,AO,-11.7833,19.9167,79.65,54,46,2.8,light rain
511,Markova,UA,48.6758,24.4138,33.42,97,100,2.55,snow
512,Chor,PK,25.5167,69.7667,76.42,11,2,7.38,clear sky
513,Lima,PE,-12.0432,-77.0282,74.89,67,40,9.22,scattered clouds
514,Havre-Saint-Pierre,CA,50.2334,-63.5986,21.2,93,100,6.91,light snow
515,Yebaishou,CN,41.3975,119.6408,35.37,64,67,3.36,broken clouds
516,Semey,KZ,50.4111,80.2275,-0.18,78,0,8.95,clear sky
517,Mandalgovi,MN,45.7625,106.2708,26.67,58,0,14.7,clear sky
518,Urumqi,CN,43.801,87.6005,31.15,100,100,6.71,fog
519,Wagar,SD,16.1525,36.2032,93.13,17,0,8.72,clear sky
520,Troitsko-Pechorsk,RU,62.7084,56.1964,-13.85,100,11,0.47,few clouds
521,Yuancheng,CN,36.652,107.7896,40.48,79,2,6.26,clear sky
522,Safaga,EG,26.7292,33.9365,77.18,58,0,8.41,clear sky
523,Ibra,OM,22.6906,58.5334,80.22,30,70,6.29,broken clouds
524,Salsk,RU,46.4725,41.5428,46.78,70,5,5.99,clear sky
525,Iqaluit,CA,63.7506,-68.5145,-2.31,84,20,12.66,few clouds
526,Yangcun,CN,39.3639,117.0603,44.58,62,22,4.03,few clouds
527,Angoche,MZ,-16.2325,39.9086,82.49,67,0,13.29,clear sky
528,Shatki,RU,55.1887,44.1249,34.36,100,100,5.88,snow
529,Frutal,BR,-20.0247,-48.9406,78.51,63,100,7.07,overcast clouds
530,Dabat,ET,12.9842,37.765,63.12,36,60,6.78,broken clouds
531,Romny,UA,50.751,33.4747,28.44,87,51,6.96,broken clouds
532,Cairns,AU,-16.9167,145.7667,80.55,79,35,5.75,scattered clouds
533,Kieta,PG,-6.2167,155.6333,78.42,82,5,2.13,light rain
534,Vengerovo,RU,55.6848,76.7471,-8.63,96,6,5.26,clear sky
535,Yarmouth,US,41.7057,-70.2286,49.96,61,20,15.99,few clouds
536,Igarka,RU,67.4667,86.5833,-17.88,98,99,5.03,overcast clouds
537,Chapais,CA,49.7834,-74.8492,10.18,95,97,2.3,overcast clouds
538,Marondera,ZW,-18.1853,31.5519,65.8,75,100,1.66,moderate rain
539,Quartucciu,IT,39.2519,9.1794,64.65,76,40,10.36,scattered clouds
540,Pimenteiras,BR,-6.2453,-41.4192,95.2,29,29,7.18,scattered clouds
541,Uray,RU,60.1247,64.7758,-3.03,94,5,5.61,clear sky
542,Bissau,GW,11.8636,-15.5977,89.71,29,2,11.5,clear sky
543,Sibolga,ID,1.7427,98.7792,75.88,89,81,1.7,broken clouds
544,Iskateley,RU,67.6803,53.1512,22.64,98,100,6.58,overcast clouds
545,Beloha,MG,-25.1667,45.05,78.93,65,0,20.76,clear sky
546,Kimbe,PG,-5.5502,150.1429,75.94,91,55,3.69,light rain
547,Luancheng,CN,37.8792,114.6517,48.36,62,4,6.58,clear sky
548,Avera,US,33.194,-82.5271,53.11,47,89,7.43,overcast clouds
549,Sisimiut,GL,66.9395,-53.6735,16.39,89,91,8.52,overcast clouds
550,Ketchikan,US,55.3422,-131.6461,45.07,93,100,16.11,overcast clouds
551,Ritchie,ZA,-29.038,24.6028,87.01,14,0,13.96,clear sky
552,Patacamaya,BO,-17.2333,-67.9167,53.01,51,93,6.24,overcast clouds
553,Umba,RU,66.6871,34.3429,29.26,96,100,4.41,overcast clouds
554,Ahuimanu,US,21.4447,-157.8378,74.91,78,20,4.61,few clouds
555,Estelle,US,29.8458,-90.1067,57.0,78,40,6.91,scattered clouds
556,Minbu,MM,20.1833,94.8833,75.58,61,6,2.75,clear sky
557,Miyako,JP,39.6367,141.9525,49.41,86,100,7.09,light rain
558,Bambanglipuro,ID,-7.95,110.2833,77.63,88,100,1.63,light rain
559,Axim,GH,4.8699,-2.2405,83.37,71,81,10.58,light rain
560,Lovozero,RU,68.005,35.0117,25.25,96,100,1.36,overcast clouds
561,Arshan,RU,46.2732,44.22,44.98,65,0,11.18,clear sky
